post_id,post_date,likes_count,post_interval
417946,2021-12-27 14:30:00,5346,
418060,2021-12-28 00:40:45,3439,10.179166666666667
418385,2021-12-29 14:30:00,1857,37.82083333333333
418494,2021-12-31 17:59:43,2684,51.49527777777778
418551,2022-01-01 03:00:04,7202,9.005833333333333
418746,2022-01-04 14:00:01,5071,82.99916666666667
418853,2022-01-04 23:00:01,5725,9.0
418945,2022-01-05 22:30:00,2577,23.49972222222222
419274,2022-01-13 14:30:00,5135,184.0
419406,2022-01-14 13:59:35,2501,23.493055555555557
419464,2022-01-15 14:00:00,878,24.006944444444443
420007,2022-01-22 18:00:02,1945,172.00055555555556
420107,2022-01-26 01:00:01,1722,78.99972222222222
420219,2022-01-26 22:00:01,3374,21.0
420316,2022-01-27 14:30:00,3049,16.49972222222222
420394,2022-01-27 22:30:00,2384,8.0
420664,2022-01-29 23:30:00,2973,49.0
420803,2022-01-30 20:45:58,3999,21.266111111111112
421045,2022-01-31 17:30:00,2261,20.733888888888888
421191,2022-02-01 12:30:00,5396,19.0
421833,2022-02-07 13:00:02,4519,144.50055555555556
421841,2022-02-07 13:06:57,1650,0.11527777777777778
422000,2022-02-08 19:00:02,2944,29.884722222222223
422046,2022-02-09 22:00:01,801,26.99972222222222
422099,2022-02-11 20:00:02,4038,46.000277777777775
422162,2022-02-14 01:17:20,2238,53.288333333333334
422248,2022-02-15 14:30:00,4222,37.21111111111111
422605,2022-02-20 22:08:00,2269,127.63333333333334
422699,2022-02-22 15:00:03,2222,40.8675
422762,2022-02-23 14:00:02,9544,22.99972222222222
423136,2022-02-26 15:00:02,1071,73.0
423151,2022-02-26 23:30:00,4301,8.499444444444444
423276,2022-03-03 16:00:02,4075,112.50055555555555
423376,2022-03-07 19:00:01,4997,98.99972222222222
426247,2022-03-08 11:00:01,6185,16.0
426464,2022-03-09 21:00:02,4453,34.000277777777775
426590,2022-03-10 23:00:01,2662,25.99972222222222
426634,2022-03-11 20:00:01,3317,21.0
426675,2022-03-13 00:11:40,3363,28.194166666666668
426779,2022-03-13 23:02:39,34608,22.849722222222223
426780,2022-03-13 23:05:25,44131,0.04611111111111111
426781,2022-03-13 23:07:39,23548,0.03722222222222222
426893,2022-03-15 16:00:02,3734,40.87305555555555
426968,2022-03-16 15:27:08,4335,23.451666666666668
427680,2022-03-18 17:00:02,3293,49.54833333333333
428863,2022-03-22 00:00:01,1549,78.99972222222222
429213,2022-03-22 20:27:00,3266,20.44972222222222
429394,2022-03-23 19:23:19,9080,22.93861111111111
429614,2022-03-24 21:00:02,8820,25.611944444444443
430028,2022-03-27 17:00:01,4054,67.99972222222222
430222,2022-03-28 18:00:02,3998,25.00027777777778
430287,2022-03-28 21:24:05,4899,3.4008333333333334
430697,2022-03-30 17:00:02,9902,43.59916666666667
430820,2022-04-01 00:44:21,7177,31.738611111111112
430939,2022-04-01 21:28:57,5808,20.743333333333332
431094,2022-04-02 19:52:21,18718,22.39
431473,2022-04-03 17:51:49,11045,21.99111111111111
431555,2022-04-03 20:38:22,4372,2.7758333333333334
431741,2022-04-04 13:23:46,3201,16.756666666666668
431832,2022-04-04 18:30:00,6049,5.103888888888889
432116,2022-04-07 00:00:01,16292,53.500277777777775
433342,2022-04-08 01:15:08,3196,25.251944444444444
433453,2022-04-08 20:00:02,7056,18.748333333333335
433648,2022-04-09 12:00:01,1929,15.999722222222223
433797,2022-04-10 16:22:39,4680,28.377222222222223
433999,2022-04-12 12:21:45,5684,43.985
434179,2022-04-13 15:31:56,12104,27.169722222222223
434339,2022-04-15 19:38:46,15134,52.11388888888889
434479,2022-04-17 12:48:11,3435,41.15694444444444
434503,2022-04-17 13:44:04,6931,0.9313888888888889
434546,2022-04-17 16:52:06,8955,3.133888888888889
434744,2022-04-18 09:05:00,12699,16.215
434884,2022-04-18 17:58:41,9034,8.894722222222223
434916,2022-04-18 20:16:09,8420,2.2911111111111113
434993,2022-04-18 22:08:22,6393,1.8702777777777777
435105,2022-04-19 11:14:00,13351,13.09388888888889
435204,2022-04-19 16:53:00,5752,5.65
435262,2022-04-19 20:12:00,6255,3.316666666666667
435379,2022-04-20 09:08:00,10545,12.933333333333334
435460,2022-04-20 16:55:00,7531,7.783333333333333
435501,2022-04-20 19:41:00,5666,2.7666666666666666
435636,2022-04-21 10:00:01,11445,14.316944444444445
435700,2022-04-21 16:08:00,8274,6.133055555555556
435759,2022-04-21 19:05:00,11054,2.95
435983,2022-04-22 10:04:00,8149,14.983333333333333
436078,2022-04-22 15:31:00,7037,5.45
436141,2022-04-22 18:08:57,3039,2.6325
436216,2022-04-22 23:05:14,10123,4.938055555555556
436346,2022-04-23 12:47:00,8281,13.696111111111112
436387,2022-04-23 14:55:19,7580,2.138611111111111
436444,2022-04-23 17:28:32,9409,2.553611111111111
436491,2022-04-23 20:26:00,8534,2.957777777777778
436646,2022-04-24 12:44:00,12786,16.3
436889,2022-04-24 19:57:19,18902,7.2219444444444445
437077,2022-04-25 09:02:00,7110,13.078055555555556
437147,2022-04-25 16:32:00,18808,7.5
437395,2022-04-26 15:52:00,7835,23.333333333333332
437513,2022-04-27 11:49:00,15184,19.95
437739,2022-04-28 13:35:00,12923,25.766666666666666
438032,2022-04-29 15:05:55,14048,25.51527777777778
438307,2022-04-30 13:06:22,4869,22.0075
438642,2022-04-30 23:27:55,9549,10.359166666666667
438823,2022-05-01 15:12:00,20589,15.734722222222222
439006,2022-05-02 03:06:38,6568,11.910555555555556
439113,2022-05-02 11:27:00,15579,8.339444444444444
439449,2022-05-03 12:52:00,18549,25.416666666666668
439836,2022-05-04 13:13:00,17768,24.35
440155,2022-05-05 12:36:09,14070,23.385833333333334
440324,2022-05-06 09:12:00,16288,20.5975
440481,2022-05-06 22:37:35,2092,13.426388888888889
440599,2022-05-07 12:48:00,12889,14.17361111111111
440838,2022-05-08 13:04:00,9967,24.266666666666666
440927,2022-05-08 21:05:06,23022,8.018333333333333
441158,2022-05-09 19:48:44,10222,22.727222222222224
441547,2022-05-10 19:18:33,6955,23.496944444444445
441865,2022-05-11 13:32:00,18855,18.224166666666665
442197,2022-05-12 13:39:00,9111,24.116666666666667
442365,2022-05-13 13:36:00,5868,23.95
442422,2022-05-13 16:57:42,13766,3.361666666666667
442605,2022-05-14 00:49:35,3758,7.864722222222222
442747,2022-05-14 13:50:00,9537,13.006944444444445
442955,2022-05-15 13:48:00,18510,23.966666666666665
443053,2022-05-15 18:26:09,1787,4.635833333333333
443131,2022-05-16 13:41:00,12089,19.2475
443255,2022-05-17 13:41:00,10268,24.0
443397,2022-05-17 21:44:40,1498,8.061111111111112
443468,2022-05-18 13:44:00,20456,15.988888888888889
443652,2022-05-19 14:31:36,13465,24.793333333333333
443773,2022-05-20 13:44:00,7685,23.206666666666667
444157,2022-05-21 14:01:00,9748,24.283333333333335
444285,2022-05-22 15:24:00,13821,25.383333333333333
444554,2022-05-22 22:51:35,22932,7.459722222222222
444949,2022-05-23 12:28:43,16392,13.61888888888889
445182,2022-05-23 19:05:38,1686,6.615277777777778
445374,2022-05-24 02:26:54,7605,7.354444444444445
445886,2022-05-24 22:18:38,4868,19.862222222222222
446066,2022-05-25 13:33:00,12307,15.239444444444445
446272,2022-05-26 13:39:00,28664,24.1
446765,2022-05-28 13:52:00,19721,48.21666666666667
447088,2022-05-29 15:25:00,11468,25.55
447233,2022-05-30 13:36:00,21483,22.183333333333334
447598,2022-05-31 14:35:00,9014,24.983333333333334
447770,2022-06-01 02:35:26,5915,12.007222222222222
447871,2022-06-01 10:01:00,12806,7.426111111111111
448107,2022-06-01 19:42:08,2727,9.685555555555556
448245,2022-06-02 14:27:24,12189,18.754444444444445
448406,2022-06-03 14:41:00,13349,24.226666666666667
448585,2022-06-04 14:37:00,11618,23.933333333333334
448732,2022-06-05 14:31:00,19149,23.9
449023,2022-06-06 14:35:33,17454,24.075833333333332
449227,2022-06-07 14:38:00,11713,24.04083333333333
449402,2022-06-08 14:35:00,31637,23.95
450123,2022-06-10 14:36:00,14180,48.016666666666666
450394,2022-06-11 14:24:00,12556,23.8
450633,2022-06-12 14:32:00,9193,24.133333333333333
450837,2022-06-13 14:32:00,6298,24.0
451062,2022-06-14 01:19:46,4761,10.796111111111111
451208,2022-06-14 14:36:00,21095,13.270555555555555
451522,2022-06-15 14:51:14,17561,24.253888888888888
451904,2022-06-16 14:44:55,19122,23.89472222222222
452092,2022-06-17 01:51:00,3612,11.10138888888889
452245,2022-06-17 14:38:29,17615,12.79138888888889
452480,2022-06-18 14:20:00,10764,23.691944444444445
452601,2022-06-19 15:45:29,32607,25.424722222222222
453033,2022-06-21 14:16:39,22954,46.519444444444446
453318,2022-06-22 15:29:00,17600,25.205833333333334
453552,2022-06-23 15:06:54,34541,23.631666666666668
454025,2022-06-25 14:36:00,8885,47.485
454288,2022-06-26 16:47:28,31427,26.191111111111113
455126,2022-06-28 14:49:07,19204,46.0275
455469,2022-06-29 15:26:00,23330,24.614722222222223
455724,2022-06-30 14:25:00,34926,22.983333333333334
456270,2022-07-01 00:07:42,11938,9.711666666666666
456520,2022-07-01 15:27:45,29234,15.334166666666667
456752,2022-07-02 00:52:52,5534,9.418611111111112
457108,2022-07-03 15:04:13,35936,38.189166666666665
457601,2022-07-04 18:13:08,10723,27.148611111111112
457876,2022-07-05 14:20:00,31159,20.114444444444445
458184,2022-07-06 14:26:00,21075,24.1
459406,2022-07-08 16:25:09,25782,49.98583333333333
459678,2022-07-09 14:48:00,21059,22.38083333333333
460095,2022-07-10 14:42:00,16623,23.9
460274,2022-07-11 03:54:02,6111,13.200555555555555
460390,2022-07-11 14:24:00,25658,10.499444444444444
460972,2022-07-12 14:23:00,25995,23.983333333333334
461512,2022-07-14 14:26:00,26126,48.05
461694,2022-07-15 14:33:00,15761,24.116666666666667
461858,2022-07-15 19:29:00,30527,4.933333333333334
462462,2022-07-16 14:30:00,11541,19.016666666666666
462730,2022-07-17 14:26:00,19864,23.933333333333334
463138,2022-07-18 14:21:00,31198,23.916666666666668
463302,2022-07-18 20:15:18,8106,5.905
463563,2022-07-19 14:23:00,29777,18.128333333333334
463736,2022-07-19 18:20:09,9817,3.9525
464166,2022-07-20 14:30:00,25965,20.164166666666667
464655,2022-07-22 13:58:00,34180,47.46666666666667
466104,2022-07-23 14:29:00,40452,24.516666666666666
466194,2022-07-23 14:43:33,18500,0.2425
467352,2022-07-24 14:29:00,26176,23.7575
467986,2022-07-25 14:49:00,24042,24.333333333333332
468481,2022-07-26 14:34:00,32997,23.75
469272,2022-07-28 14:28:00,30977,47.9
469852,2022-07-30 14:31:00,25483,48.05
470241,2022-07-31 13:32:00,26683,23.016666666666666
470458,2022-08-01 13:08:00,23146,23.6
470852,2022-08-02 00:55:13,7697,11.786944444444444
470994,2022-08-02 13:49:00,15536,12.89638888888889
471287,2022-08-03 13:24:00,21144,23.583333333333332
471504,2022-08-04 14:21:00,26581,24.95
472162,2022-08-06 14:30:00,20580,48.15
472371,2022-08-07 13:21:00,40990,22.85
473430,2022-08-09 13:38:00,20978,48.28333333333333
473629,2022-08-10 13:17:00,38956,23.65
474216,2022-08-12 13:27:00,60185,48.166666666666664
474916,2022-08-14 14:19:00,33683,48.86666666666667
475383,2022-08-15 13:58:00,38755,23.65
475876,2022-08-17 13:32:00,26815,47.56666666666667
476707,2022-08-18 13:42:00,22481,24.166666666666668
477387,2022-08-20 13:22:00,45398,47.666666666666664
477809,2022-08-20 19:18:47,45341,5.9463888888888885
478676,2022-08-22 13:12:00,40414,41.886944444444445
479022,2022-08-23 13:36:00,24045,24.4
479385,2022-08-24 13:38:00,34495,24.033333333333335
479952,2022-08-25 13:24:00,32066,23.766666666666666
480480,2022-08-27 13:27:00,35090,48.05
480792,2022-08-28 13:45:00,48790,24.3
481395,2022-08-30 14:15:28,32535,48.507777777777775
481712,2022-08-31 13:53:00,26611,23.625555555555554
482062,2022-09-01 11:00:01,41594,21.116944444444446
482614,2022-09-02 13:41:00,21557,26.683055555555555
482856,2022-09-03 13:22:00,28332,23.683333333333334
483152,2022-09-04 13:20:00,36217,23.966666666666665
484287,2022-09-06 13:19:00,29492,47.983333333333334
484624,2022-09-07 09:23:00,20846,20.066666666666666
484883,2022-09-08 13:46:00,23284,28.383333333333333
485109,2022-09-09 13:25:00,35007,23.65
485474,2022-09-11 13:16:00,38172,47.85
485683,2022-09-12 02:28:04,11598,13.20111111111111
485867,2022-09-12 13:42:00,30289,11.232222222222223
486288,2022-09-13 13:20:00,32735,23.633333333333333
486448,2022-09-13 18:11:58,9825,4.8661111111111115
486767,2022-09-14 13:51:00,30243,19.650555555555556
487163,2022-09-15 13:50:00,31534,23.983333333333334
487508,2022-09-16 01:26:52,6228,11.614444444444445
487616,2022-09-16 13:51:50,31026,12.41611111111111
488003,2022-09-17 13:36:00,24793,23.73611111111111
488342,2022-09-18 13:21:00,38661,23.75
488632,2022-09-19 10:15:00,54054,20.9
489321,2022-09-21 13:07:00,26670,50.86666666666667
489553,2022-09-22 12:39:00,18633,23.533333333333335
489783,2022-09-23 13:38:00,64317,24.983333333333334
490801,2022-09-25 13:27:00,77132,47.81666666666667
491883,2022-09-27 13:45:00,47570,48.3
492087,2022-09-27 22:29:25,19436,8.740277777777777
492478,2022-09-28 11:39:00,34312,13.159722222222221
492677,2022-09-28 22:12:44,2530,10.562222222222223
492843,2022-09-29 13:33:00,42241,15.337777777777777
493200,2022-09-30 13:35:00,58033,24.033333333333335
493604,2022-10-01 03:26:48,8468,13.863333333333333
493780,2022-10-01 13:21:00,26849,9.903333333333334
494511,2022-10-03 12:38:00,30784,47.28333333333333
494810,2022-10-04 13:37:00,47738,24.983333333333334
495196,2022-10-05 12:36:00,33433,22.983333333333334
495606,2022-10-06 12:39:00,25744,24.05
495890,2022-10-07 12:34:00,33299,23.916666666666668
496199,2022-10-08 13:35:00,21596,25.016666666666666
496467,2022-10-09 13:02:00,36684,23.45
496822,2022-10-10 09:37:00,36779,20.583333333333332
497158,2022-10-11 11:30:00,39871,25.883333333333333
497544,2022-10-13 11:35:00,71031,48.083333333333336
497979,2022-10-14 03:34:14,11122,15.987222222222222
498128,2022-10-14 13:38:00,23308,10.062777777777777
498528,2022-10-15 14:09:30,21934,24.525
498959,2022-10-16 13:11:00,31528,23.025
499258,2022-10-17 12:35:00,27509,23.4
499537,2022-10-18 12:40:15,40590,24.0875
499796,2022-10-19 00:10:38,6887,11.506388888888889
500113,2022-10-19 12:40:00,40127,12.489444444444445
500476,2022-10-20 00:37:09,24455,11.9525
500601,2022-10-20 13:35:00,38177,12.964166666666667
501102,2022-10-22 12:45:00,41563,47.166666666666664
501549,2022-10-23 13:15:00,58357,24.5
502271,2022-10-24 16:33:39,19659,27.310833333333335
502523,2022-10-24 22:24:51,54482,5.8533333333333335
505118,2022-10-26 00:54:13,40589,26.489444444444445
506957,2022-10-26 21:32:42,33255,20.64138888888889
510021,2022-10-27 03:07:45,32438,5.5841666666666665
511992,2022-10-27 21:23:29,24090,18.26222222222222
513625,2022-10-28 18:49:43,34571,21.43722222222222
514224,2022-10-29 15:17:01,52907,20.455
514839,2022-10-30 15:57:33,60284,24.675555555555555
515576,2022-10-31 12:25:00,53085,20.4575
516083,2022-10-31 23:05:02,4462,10.667222222222222
516137,2022-10-31 23:16:01,41504,0.18305555555555555
516325,2022-11-01 01:28:20,30099,2.205277777777778
516605,2022-11-01 03:05:07,14433,1.6130555555555555
516967,2022-11-01 14:59:49,49481,11.911666666666667
517774,2022-11-02 12:32:00,82322,21.53638888888889
518374,2022-11-03 12:38:00,21686,24.1
519017,2022-11-04 00:59:30,51007,12.358333333333333
519686,2022-11-04 12:33:00,54572,11.558333333333334
520797,2022-11-05 12:31:00,71945,23.966666666666665
520915,2022-11-05 13:58:57,13950,1.4658333333333333
521523,2022-11-06 13:14:00,49012,23.250833333333333
522138,2022-11-07 12:39:00,52043,23.416666666666668
522662,2022-11-08 12:40:00,38367,24.016666666666666
523191,2022-11-09 12:39:00,62968,23.983333333333334
523668,2022-11-10 12:31:00,44552,23.866666666666667
524075,2022-11-11 12:34:00,48229,24.05
524695,2022-11-12 12:50:00,32966,24.266666666666666
525280,2022-11-13 12:42:00,46729,23.866666666666667
525872,2022-11-14 12:34:00,63927,23.866666666666667
526820,2022-11-15 21:46:23,19739,33.20638888888889
527202,2022-11-16 12:26:00,72334,14.660277777777777
527740,2022-11-17 12:36:00,68747,24.166666666666668
528257,2022-11-18 12:27:00,37909,23.85
528656,2022-11-19 12:46:00,60573,24.316666666666666
529118,2022-11-20 13:09:00,41530,24.383333333333333
529465,2022-11-21 14:25:52,31134,25.281111111111112
529986,2022-11-22 12:32:00,24659,22.102222222222224
530156,2022-11-22 17:43:53,32733,5.198055555555555
530424,2022-11-23 09:31:00,34375,15.785277777777777
530870,2022-11-24 02:54:20,6162,17.38888888888889
531398,2022-11-24 17:23:24,18729,14.484444444444444
531617,2022-11-24 19:53:38,6524,2.503888888888889
531677,2022-11-24 21:28:33,26774,1.5819444444444444
531739,2022-11-24 22:18:26,14482,0.8313888888888888
531821,2022-11-24 23:05:18,38541,0.7811111111111111
531925,2022-11-25 00:17:57,24072,1.2108333333333334
532269,2022-11-25 12:46:00,37638,12.4675
532491,2022-11-25 16:13:03,40661,3.450833333333333
532790,2022-11-25 19:56:27,39981,3.723333333333333
532991,2022-11-25 23:00:53,17802,3.073888888888889
533375,2022-11-26 12:56:00,36245,13.918611111111112
534077,2022-11-27 13:06:00,27467,24.166666666666668
534398,2022-11-28 09:08:00,60968,20.033333333333335
534868,2022-11-29 13:25:00,42589,28.283333333333335
535276,2022-11-30 12:36:00,72387,23.183333333333334
536095,2022-12-01 11:17:00,71322,22.683333333333334
536981,2022-12-02 01:17:48,11594,14.013333333333334
537213,2022-12-02 12:22:00,23797,11.07
537622,2022-12-03 12:37:00,50784,24.25
538362,2022-12-04 13:07:00,59478,24.5
538934,2022-12-05 12:26:00,41812,23.316666666666666
539569,2022-12-06 12:24:00,43166,23.966666666666665
540211,2022-12-07 12:29:00,48240,24.083333333333332
540703,2022-12-08 12:34:00,43009,24.083333333333332
541162,2022-12-09 01:25:46,10812,12.862777777777778
541222,2022-12-09 02:09:40,45947,0.7316666666666667
541515,2022-12-09 13:11:40,29370,11.033333333333333
542245,2022-12-10 16:52:27,34155,27.67972222222222
542629,2022-12-11 13:02:01,45013,20.159444444444443
543202,2022-12-12 09:40:00,48597,20.633055555555554
543798,2022-12-13 12:58:00,41136,27.3
544806,2022-12-14 12:37:00,24094,23.65
545348,2022-12-15 16:18:29,55816,27.691388888888888
545738,2022-12-16 01:28:24,44008,9.165277777777778
546418,2022-12-16 19:38:33,60445,18.169166666666666
547096,2022-12-17 12:53:00,33288,17.240833333333335
547709,2022-12-17 22:07:51,49766,9.2475
550696,2022-12-18 13:57:54,13358,15.834166666666667
551490,2022-12-19 12:49:00,58553,22.851666666666667
551821,2022-12-19 17:56:36,20394,5.126666666666667
552451,2022-12-20 14:32:29,23005,20.598055555555554
553092,2022-12-21 10:12:00,118560,19.65861111111111
557105,2022-12-21 13:57:00,39789,3.75
562910,2022-12-22 22:24:04,18606,32.45111111111111
563491,2022-12-23 12:29:52,40850,14.096666666666666
564227,2022-12-24 12:31:00,72853,24.01888888888889
565120,2022-12-25 12:44:00,60731,24.216666666666665
565900,2022-12-26 12:58:00,48495,24.233333333333334
566584,2022-12-27 12:46:28,39090,23.807777777777776
567084,2022-12-28 13:07:00,69213,24.342222222222222
567771,2022-12-29 12:50:00,43288,23.716666666666665
568310,2022-12-30 12:30:00,43640,23.666666666666668
569073,2022-12-31 21:16:45,38912,32.77916666666667
569484,2023-01-01 03:00:15,78804,5.725
570361,2023-01-01 13:32:00,134109,10.529166666666667
572238,2023-01-03 12:42:00,44800,47.166666666666664
572643,2023-01-04 12:39:00,49088,23.95
573040,2023-01-05 12:23:00,52486,23.733333333333334
573661,2023-01-07 12:32:00,50259,48.15
574020,2023-01-08 12:42:00,45501,24.166666666666668
574287,2023-01-09 09:35:00,52924,20.883333333333333
574749,2023-01-10 20:31:34,29895,34.94277777777778
575235,2023-01-12 12:37:00,30015,40.090555555555554
575720,2023-01-13 12:24:00,51236,23.783333333333335
576242,2023-01-14 12:25:00,48264,24.016666666666666
577314,2023-01-16 12:40:00,53542,48.25
578001,2023-01-18 12:36:00,60632,47.93333333333333
578367,2023-01-19 10:01:00,65112,21.416666666666668
578966,2023-01-20 12:27:00,42425,26.433333333333334
580480,2023-01-22 12:37:00,75263,48.166666666666664
581018,2023-01-23 10:06:00,45085,21.483333333333334
581646,2023-01-24 12:41:00,57131,26.583333333333332
582177,2023-01-25 12:34:00,68185,23.883333333333333
582754,2023-01-27 12:26:00,38218,47.86666666666667
583017,2023-01-28 12:22:00,34056,23.933333333333334
583652,2023-01-30 10:02:00,48573,45.666666666666664
584310,2023-01-31 21:47:43,42205,35.761944444444445
584911,2023-02-02 12:36:00,36889,38.804722222222225
585358,2023-02-03 12:38:00,30962,24.033333333333335
585837,2023-02-04 12:29:00,26609,23.85
586050,2023-02-04 17:13:07,44741,4.735277777777778
586727,2023-02-06 12:43:34,53544,43.5075
587205,2023-02-08 12:38:00,36306,47.907222222222224
587510,2023-02-09 12:36:00,32531,23.966666666666665
588046,2023-02-10 20:07:08,6090,31.51888888888889
588212,2023-02-11 12:38:00,33150,16.514444444444443
588488,2023-02-12 12:35:00,62387,23.95
588831,2023-02-12 19:48:55,10059,7.231944444444444
589143,2023-02-13 12:31:00,19610,16.70138888888889
589420,2023-02-13 22:46:04,15131,10.251111111111111
589833,2023-02-14 09:04:00,38278,10.29888888888889
590335,2023-02-15 09:20:00,21356,24.266666666666666
590830,2023-02-16 01:50:49,8779,16.51361111111111
591130,2023-02-16 20:57:04,30812,19.104166666666668
591394,2023-02-17 10:05:00,51379,13.132222222222222
591951,2023-02-17 18:53:13,11133,8.803611111111111
592260,2023-02-18 12:26:00,35401,17.546388888888888
592408,2023-02-18 15:17:41,6715,2.861388888888889
592663,2023-02-19 12:33:00,53639,21.255277777777778
592935,2023-02-20 12:37:00,34209,24.066666666666666
593830,2023-02-21 12:32:00,61725,23.916666666666668
594465,2023-02-22 12:21:00,37782,23.816666666666666
594843,2023-02-23 11:22:00,54390,23.016666666666666
595557,2023-02-25 12:23:00,44317,49.016666666666666
595798,2023-02-25 20:05:01,46850,7.700277777777778
596374,2023-02-26 02:16:30,87898,6.191388888888889
598986,2023-02-27 11:02:44,90988,32.77055555555555
600057,2023-02-28 13:43:19,72804,26.676388888888887
600888,2023-03-01 20:49:03,35583,31.095555555555556
601339,2023-03-02 12:44:00,44017,15.915833333333333
602202,2023-03-03 14:40:43,27248,25.94527777777778
602613,2023-03-04 12:44:00,34437,22.05472222222222
602859,2023-03-04 18:00:39,13405,5.2775
603292,2023-03-05 12:44:00,56316,18.7225
603769,2023-03-06 10:12:00,43352,21.466666666666665
603961,2023-03-06 20:03:24,19078,9.856666666666667
604188,2023-03-07 12:48:00,70427,16.743333333333332
604485,2023-03-08 03:00:01,188052,14.200277777777778
607897,2023-03-09 12:32:00,46384,33.533055555555556
608239,2023-03-10 00:09:35,13374,11.626388888888888
608549,2023-03-11 12:28:00,64095,36.30694444444445
608859,2023-03-12 12:37:00,43024,24.15
609122,2023-03-12 18:34:58,20542,5.966111111111111
609535,2023-03-13 12:38:00,33851,18.050555555555555
609842,2023-03-14 12:27:00,25691,23.816666666666666
610247,2023-03-15 12:36:00,40378,24.15
610632,2023-03-17 12:25:00,45970,47.81666666666667
610854,2023-03-17 19:53:06,2608,7.468333333333334
611005,2023-03-18 12:37:01,65571,16.731944444444444
611581,2023-03-20 12:27:00,45472,47.83305555555555
612048,2023-03-21 03:05:38,22099,14.643888888888888
612451,2023-03-22 09:21:00,49187,30.25611111111111
613068,2023-03-23 12:32:00,29911,27.183333333333334
613389,2023-03-24 12:27:00,58957,23.916666666666668
614835,2023-03-25 12:31:00,62145,24.066666666666666
615279,2023-03-25 22:30:11,8523,9.98638888888889
615738,2023-03-26 22:42:51,41139,24.211111111111112
616020,2023-03-27 12:25:00,52066,13.7025
616665,2023-03-29 12:26:00,37439,48.016666666666666
616966,2023-03-30 12:32:00,32575,24.1
617373,2023-04-01 11:42:00,41380,47.166666666666664
617666,2023-04-01 15:04:06,80575,3.368333333333333
618275,2023-04-02 12:35:00,34257,21.515
618778,2023-04-03 12:19:00,31436,23.733333333333334
619522,2023-04-04 12:30:00,23718,24.183333333333334
619699,2023-04-04 19:47:53,56632,7.298055555555556
619992,2023-04-05 10:07:00,18273,14.31861111111111
620237,2023-04-05 17:07:00,45635,7.0
620798,2023-04-06 12:35:00,26314,19.466666666666665
621251,2023-04-07 12:36:00,55443,24.016666666666666
621443,2023-04-07 16:02:59,11610,3.4497222222222224
621783,2023-04-08 14:41:34,20601,22.643055555555556
621899,2023-04-08 16:57:48,24596,2.2705555555555557
622152,2023-04-09 12:16:00,58597,19.303333333333335
622425,2023-04-09 18:23:13,35869,6.120277777777778
622907,2023-04-10 10:04:00,37864,15.679722222222223
623487,2023-04-10 18:34:48,11881,8.513333333333334
623621,2023-04-10 21:10:10,85430,2.5894444444444447
624597,2023-04-11 12:20:00,40590,15.16388888888889
625095,2023-04-11 18:14:38,24249,5.910555555555556
625236,2023-04-11 18:54:20,13012,0.6616666666666666
625925,2023-04-12 12:22:00,35134,17.461111111111112
626179,2023-04-12 16:52:00,26858,4.5
626441,2023-04-12 22:46:10,37436,5.902777777777778
626893,2023-04-13 11:34:00,43266,12.797222222222222
627066,2023-04-13 16:24:00,25830,4.833333333333333
627571,2023-04-14 12:17:00,32171,19.883333333333333
627729,2023-04-14 16:11:00,21757,3.9
627914,2023-04-14 18:15:21,35522,2.0725
628021,2023-04-14 19:05:18,20937,0.8325
628110,2023-04-14 20:01:48,19627,0.9416666666666667
628516,2023-04-15 12:20:00,25094,16.303333333333335
628876,2023-04-16 12:39:00,36619,24.316666666666666
629217,2023-04-16 17:09:37,51725,4.510277777777778
630097,2023-04-17 12:26:00,20781,19.273055555555555
630644,2023-04-18 12:34:00,48905,24.133333333333333
631109,2023-04-19 12:32:00,20085,23.966666666666665
631460,2023-04-20 12:23:00,51028,23.85
631893,2023-04-21 12:36:00,19927,24.216666666666665
632312,2023-04-22 13:35:32,30937,24.99222222222222
632569,2023-04-23 15:54:52,18419,26.322222222222223
632848,2023-04-24 16:59:51,25624,25.083055555555557
633017,2023-04-25 12:20:00,32467,19.335833333333333
633284,2023-04-26 12:24:00,55218,24.066666666666666
633638,2023-04-27 02:51:28,10487,14.457777777777778
633764,2023-04-27 12:23:00,51772,9.525555555555556
634158,2023-04-28 12:29:00,28462,24.1
634271,2023-04-28 16:52:00,79950,4.383333333333334
635112,2023-04-29 12:28:00,31536,19.6
635689,2023-04-30 12:28:00,30481,24.0
635926,2023-04-30 16:45:15,13507,4.2875
636164,2023-05-01 12:31:00,25970,19.7625
636321,2023-05-01 16:10:00,45064,3.65
636775,2023-05-02 12:39:00,55901,20.483333333333334
637129,2023-05-02 18:48:10,46076,6.152777777777778
637469,2023-05-03 02:30:35,21112,7.706944444444445
637824,2023-05-03 10:01:43,14325,7.518888888888889
638153,2023-05-03 19:09:28,21942,9.129166666666666
638246,2023-05-03 22:38:53,32196,3.4902777777777776
638542,2023-05-04 12:33:00,29700,13.901944444444444
638819,2023-05-04 21:13:59,37061,8.683055555555555
639153,2023-05-05 12:38:00,25839,15.400277777777777
639374,2023-05-05 18:02:42,45479,5.411666666666667
639781,2023-05-06 12:43:00,52564,18.671666666666667
639995,2023-05-06 17:20:00,14630,4.616666666666666
640283,2023-05-07 12:38:00,48478,19.3
640433,2023-05-07 17:36:00,24507,4.966666666666667
640779,2023-05-08 12:38:00,25953,19.033333333333335
641147,2023-05-09 12:37:00,27232,23.983333333333334
641851,2023-05-09 20:38:23,54311,8.023055555555555
642374,2023-05-10 12:38:52,28685,16.008055555555554
642613,2023-05-10 20:53:11,48048,8.238611111111112
643133,2023-05-11 12:41:00,41118,15.796944444444444
643930,2023-05-12 12:39:00,36500,23.966666666666665
644480,2023-05-13 12:32:00,39259,23.883333333333333
644681,2023-05-13 17:55:03,19721,5.384166666666666
644999,2023-05-14 12:41:00,26921,18.765833333333333
645448,2023-05-15 12:36:00,37138,23.916666666666668
645845,2023-05-16 12:32:00,28385,23.933333333333334
646061,2023-05-17 01:44:19,18536,13.205277777777777
646179,2023-05-17 12:33:00,23652,10.811388888888889
646517,2023-05-17 18:06:00,16844,5.55
646871,2023-05-18 10:06:01,60304,16.00027777777778
647342,2023-05-18 17:41:00,26566,7.583055555555555
647915,2023-05-19 12:23:56,27425,18.715555555555557
648219,2023-05-19 21:46:29,31002,9.375833333333333
648418,2023-05-20 12:24:00,31442,14.625277777777777
648717,2023-05-21 12:22:00,11051,23.966666666666665
648975,2023-05-22 11:25:00,57978,23.05
649536,2023-05-23 12:29:00,35832,25.066666666666666
650101,2023-05-23 13:24:04,13228,0.9177777777777778
651967,2023-05-23 21:31:24,9846,8.122222222222222
652967,2023-05-24 15:26:42,24378,17.921666666666667
653849,2023-05-25 14:43:53,38248,23.28638888888889
654167,2023-05-25 21:01:45,24364,6.297777777777778
654512,2023-05-26 12:32:00,32154,15.504166666666666
654791,2023-05-26 19:09:46,94530,6.629444444444444
655592,2023-05-27 17:53:00,29015,22.720555555555556
656052,2023-05-28 12:29:00,36247,18.6
656281,2023-05-28 18:02:02,13788,5.5505555555555555
656632,2023-05-29 09:07:00,40032,15.082777777777778
656964,2023-05-29 16:51:00,19561,7.733333333333333
657255,2023-05-30 12:36:04,47332,19.75111111111111
657617,2023-05-31 12:37:00,16638,24.015555555555554
657938,2023-06-01 11:28:00,64254,22.85
658601,2023-06-02 12:34:00,33933,25.1
659221,2023-06-03 12:39:00,28728,24.083333333333332
659518,2023-06-03 19:58:00,26489,7.316666666666666
659754,2023-06-04 12:41:00,26662,16.716666666666665
660094,2023-06-05 12:41:00,43367,24.0
660382,2023-06-06 12:32:00,35138,23.85
661142,2023-06-07 12:25:00,24653,23.883333333333333
661466,2023-06-08 15:39:40,19507,27.244444444444444
661711,2023-06-09 12:42:00,44355,21.038888888888888
662031,2023-06-10 12:36:00,34099,23.9
662174,2023-06-10 17:43:21,28919,5.1225
662775,2023-06-11 01:47:46,11227,8.073611111111111
663120,2023-06-11 18:58:00,50938,17.170555555555556
663448,2023-06-12 12:49:00,20042,17.85
663521,2023-06-12 16:35:00,39359,3.7666666666666666
663742,2023-06-13 12:51:00,46077,20.266666666666666
663991,2023-06-14 12:39:00,17442,23.8
664163,2023-06-14 18:58:03,57765,6.3175
664421,2023-06-15 12:50:00,17102,17.865833333333335
664662,2023-06-16 10:19:08,6733,21.485555555555557
664837,2023-06-16 20:55:00,98568,10.597777777777777
665764,2023-06-17 10:00:00,22030,13.083333333333334
665924,2023-06-17 12:42:00,15917,2.7
666303,2023-06-17 20:13:36,31963,7.526666666666666
666833,2023-06-18 12:42:00,34746,16.473333333333333
667101,2023-06-18 16:50:00,24053,4.133333333333334
667844,2023-06-19 12:35:00,48363,19.75
668514,2023-06-20 12:31:00,23735,23.933333333333334
668978,2023-06-21 16:15:00,43087,27.733333333333334
669648,2023-06-22 12:24:00,35527,20.15
670118,2023-06-23 12:33:00,43739,24.15
670511,2023-06-24 01:46:18,27177,13.221666666666666
670664,2023-06-24 13:32:00,62587,11.761666666666667
671290,2023-06-25 17:03:40,36807,27.52777777777778
671961,2023-06-26 12:18:00,15457,19.238888888888887
672414,2023-06-27 12:14:00,50010,23.933333333333334
673342,2023-06-28 12:34:00,25042,24.333333333333332
673776,2023-06-29 12:32:00,25136,23.966666666666665
674465,2023-06-30 17:56:18,40167,29.405
675086,2023-07-01 12:18:29,31932,18.369722222222222
675941,2023-07-02 12:44:00,82297,24.42527777777778
676955,2023-07-03 12:18:00,29276,23.566666666666666
677465,2023-07-03 20:41:48,32782,8.396666666666667
677903,2023-07-04 12:33:00,27580,15.853333333333333
678173,2023-07-04 19:34:07,39386,7.018611111111111
678472,2023-07-05 12:24:00,45978,16.83138888888889
678998,2023-07-06 12:35:00,33640,24.183333333333334
679329,2023-07-06 17:40:51,40678,5.0975
680209,2023-07-08 12:33:00,53399,42.869166666666665
680776,2023-07-09 23:12:41,28132,34.66138888888889
681104,2023-07-10 17:25:33,27427,18.214444444444446
681562,2023-07-11 12:28:00,45905,19.04083333333333
682693,2023-07-13 12:22:00,12988,47.9
683331,2023-07-14 16:59:23,34508,28.623055555555556
683909,2023-07-15 00:51:02,10942,7.860833333333333
684097,2023-07-15 16:15:00,25098,15.399444444444445
684388,2023-07-16 01:41:19,18500,9.438611111111111
684550,2023-07-16 14:48:37,31191,13.121666666666666
684990,2023-07-16 22:38:57,39982,7.838888888888889
685596,2023-07-17 12:33:00,26769,13.900833333333333
685976,2023-07-17 20:33:00,29003,8.0
686205,2023-07-17 22:48:10,35512,2.2527777777777778
686775,2023-07-18 12:36:00,62384,13.797222222222222
687901,2023-07-19 16:20:19,28627,27.738611111111112
688666,2023-07-21 12:26:00,42460,44.094722222222224
688928,2023-07-21 19:20:00,23247,6.9
689396,2023-07-22 17:32:13,26304,22.203611111111112
689905,2023-07-23 12:21:00,27717,18.813055555555554
690120,2023-07-23 21:12:19,16915,8.855277777777777
690509,2023-07-24 12:21:00,43176,15.144722222222223
691056,2023-07-25 12:25:00,24430,24.066666666666666
691604,2023-07-26 12:21:00,22593,23.933333333333334
691971,2023-07-27 12:23:00,54063,24.033333333333335
693397,2023-07-28 11:12:00,40900,22.816666666666666
694128,2023-07-28 16:23:00,32968,5.183333333333334
695265,2023-07-29 20:17:09,30227,27.9025
696296,2023-07-31 12:36:34,40853,40.32361111111111
696836,2023-07-31 23:27:56,20571,10.856111111111112
697276,2023-08-01 13:23:00,32752,13.917777777777777
698173,2023-08-03 11:45:00,18813,46.36666666666667
698644,2023-08-04 12:10:00,41146,24.416666666666668
698991,2023-08-04 18:37:12,28283,6.453333333333333
699404,2023-08-05 12:23:00,26321,17.763333333333332
700081,2023-08-08 12:20:00,47849,71.95
700475,2023-08-09 12:27:00,39855,24.116666666666667
700843,2023-08-10 12:21:00,42013,23.9
701591,2023-08-11 12:11:00,27166,23.833333333333332
702109,2023-08-12 12:21:00,32096,24.166666666666668
703147,2023-08-14 12:23:00,24963,48.03333333333333
704796,2023-08-16 12:02:00,24128,47.65
705101,2023-08-17 12:03:00,29956,24.016666666666666
705451,2023-08-17 19:38:37,38381,7.5936111111111115
706703,2023-08-19 12:37:55,6968,40.98833333333334
707417,2023-08-20 14:03:00,23784,25.418055555555554
707880,2023-08-21 12:31:00,19553,22.466666666666665
708931,2023-08-22 12:24:00,18809,23.883333333333333
709833,2023-08-23 12:32:00,35160,24.133333333333333
710372,2023-08-24 12:34:00,18610,24.033333333333335
710606,2023-08-25 12:28:00,52476,23.9
710707,2023-08-25 20:02:18,38552,7.571666666666666
711399,2023-08-26 12:32:00,32803,16.495
711733,2023-08-27 12:18:54,32576,23.781666666666666
712137,2023-08-28 13:34:00,93833,25.251666666666665
712769,2023-08-30 12:32:00,17111,46.96666666666667
713018,2023-08-31 14:52:49,24902,26.346944444444443
713291,2023-08-31 18:00:15,68583,3.1238888888888887
714202,2023-09-01 10:01:00,29776,16.0125
715054,2023-09-02 17:41:54,61543,31.68166666666667
715610,2023-09-03 12:11:00,56597,18.485
716284,2023-09-04 10:46:00,29236,22.583333333333332
716752,2023-09-05 12:19:00,21925,25.55
717019,2023-09-06 12:23:00,24607,24.066666666666666
717340,2023-09-07 13:14:00,32898,24.85
717766,2023-09-09 12:16:00,50908,47.03333333333333
718072,2023-09-10 12:14:00,55531,23.966666666666665
718734,2023-09-12 12:07:28,24692,47.89111111111111
719041,2023-09-13 12:37:01,34499,24.4925
719892,2023-09-14 12:30:10,24184,23.885833333333334
720506,2023-09-16 10:04:00,33111,45.56388888888889
720886,2023-09-16 21:06:00,22293,11.033333333333333
721173,2023-09-17 23:46:28,18929,26.674444444444443
721428,2023-09-18 12:36:00,36033,12.825555555555555
722054,2023-09-19 12:37:00,24371,24.016666666666666
722307,2023-09-20 12:39:00,17017,24.033333333333335
722516,2023-09-21 12:41:00,27651,24.033333333333335
723234,2023-09-22 12:37:00,11150,23.933333333333334
723532,2023-09-24 12:37:00,24749,48.0
723720,2023-09-25 11:15:00,38893,22.633333333333333
723946,2023-09-26 12:03:00,31321,24.8
724538,2023-09-28 11:23:00,38970,47.333333333333336
724745,2023-09-29 12:38:00,25407,25.25
726057,2023-10-01 12:19:00,17574,47.68333333333333
726204,2023-10-02 12:39:00,24679,24.333333333333332
726473,2023-10-04 12:37:00,50762,47.96666666666667
726724,2023-10-05 12:38:00,29452,24.016666666666666
726945,2023-10-06 13:55:35,23393,25.293055555555554
727323,2023-10-07 12:24:00,26928,22.47361111111111
727572,2023-10-08 12:27:00,48716,24.05
727803,2023-10-09 12:41:00,32590,24.233333333333334
728171,2023-10-10 12:43:00,21656,24.033333333333335
728362,2023-10-11 12:44:00,18439,24.016666666666666
728636,2023-10-12 12:44:00,40958,24.0
729860,2023-10-14 12:36:00,10210,47.86666666666667
730031,2023-10-15 12:42:00,10145,24.1
730195,2023-10-16 12:40:00,40717,23.966666666666665
730694,2023-10-17 12:44:00,21620,24.066666666666666
730879,2023-10-18 12:25:00,25360,23.683333333333334
731248,2023-10-20 11:36:00,17937,47.18333333333333
731395,2023-10-21 12:46:00,57742,25.166666666666668
731698,2023-10-22 12:44:00,19491,23.966666666666665
731973,2023-10-23 12:43:00,14333,23.983333333333334
732148,2023-10-24 12:40:00,23744,23.95
732339,2023-10-25 12:43:00,17645,24.05
732782,2023-10-26 12:45:00,17932,24.033333333333335
733005,2023-10-27 12:34:00,38321,23.816666666666666
733579,2023-10-29 12:49:00,15985,48.25
733761,2023-10-30 12:43:00,18713,23.9
733969,2023-10-31 12:38:00,21143,23.916666666666668
734224,2023-11-01 12:48:00,18703,24.166666666666668
734493,2023-11-02 12:46:00,20992,23.966666666666665
734997,2023-11-04 12:52:00,19144,48.1
735525,2023-11-05 12:42:00,14173,23.833333333333332
735747,2023-11-06 12:47:00,14955,24.083333333333332
735981,2023-11-07 12:53:00,24970,24.1
736178,2023-11-08 12:43:00,20037,23.833333333333332
736326,2023-11-09 12:36:00,37073,23.883333333333333
737752,2023-11-10 12:46:00,22286,24.166666666666668
738466,2023-11-11 12:47:00,28169,24.016666666666666
738733,2023-11-12 13:06:00,26223,24.316666666666666
739028,2023-11-13 12:46:00,15271,23.666666666666668
739320,2023-11-14 12:39:00,17979,23.883333333333333
739628,2023-11-15 12:44:00,14533,24.083333333333332
739792,2023-11-15 23:47:38,20952,11.060555555555556
739984,2023-11-16 00:17:08,18507,0.49166666666666664
741541,2023-11-17 02:23:18,13349,26.102777777777778
741894,2023-11-17 17:29:49,17602,15.108611111111111
742206,2023-11-18 12:57:00,26977,19.453055555555554
742343,2023-11-18 16:54:00,62701,3.95
742794,2023-11-19 13:07:00,25416,20.216666666666665
743162,2023-11-20 11:43:00,24773,22.6
743436,2023-11-21 12:37:00,23814,24.9
743716,2023-11-22 12:49:00,25261,24.2
744007,2023-11-24 12:48:00,32463,47.983333333333334
744267,2023-11-25 12:54:00,33930,24.1
744574,2023-11-27 12:47:00,30700,47.88333333333333
744703,2023-11-28 12:42:00,27857,23.916666666666668
744850,2023-11-29 12:53:00,13842,24.183333333333334
745142,2023-11-30 12:39:00,27819,23.766666666666666
745260,2023-12-01 12:49:00,24094,24.166666666666668
745597,2023-12-03 12:53:00,43898,48.06666666666667
745777,2023-12-04 13:42:00,14325,24.816666666666666
746034,2023-12-06 12:46:00,24634,47.06666666666667
746165,2023-12-07 12:42:00,43446,23.933333333333334
747051,2023-12-09 12:42:00,23261,48.0
747576,2023-12-11 12:43:00,40779,48.016666666666666
748257,2023-12-13 12:43:00,15423,48.0
749201,2023-12-15 12:41:00,11578,47.96666666666667
749271,2023-12-15 17:17:00,21159,4.6
749474,2023-12-16 12:42:00,28965,19.416666666666668
750025,2023-12-18 12:46:00,28232,48.06666666666667
750213,2023-12-19 12:49:00,32504,24.05
750813,2023-12-20 16:51:37,4339,28.04361111111111
751076,2023-12-21 10:03:00,41058,17.189722222222223
753559,2023-12-22 11:43:00,14380,25.666666666666668
753942,2023-12-23 12:03:00,22141,24.333333333333332
754405,2023-12-25 12:43:00,11145,48.666666666666664
754545,2023-12-26 12:39:00,5119,23.933333333333334
755025,2023-12-27 12:42:00,23770,24.05
755376,2023-12-29 12:37:00,32143,47.916666666666664
755747,2024-01-01 03:00:14,38612,62.38722222222222
756192,2024-01-02 12:14:00,25284,33.22944444444445
756389,2024-01-03 12:12:00,19968,23.966666666666665
756538,2024-01-04 12:37:00,12669,24.416666666666668
756661,2024-01-05 12:16:00,22133,23.65
756831,2024-01-06 12:06:00,29165,23.833333333333332
758489,2024-01-08 12:23:00,16295,48.28333333333333
759318,2024-01-09 10:57:50,20103,22.580555555555556
759568,2024-01-11 10:02:00,24778,47.06944444444444
759737,2024-01-12 12:43:00,13174,26.683333333333334
759905,2024-01-13 12:37:00,6445,23.9
760039,2024-01-15 12:46:00,22880,48.15
760220,2024-01-17 10:04:00,21550,45.3
760366,2024-01-18 12:42:00,15028,26.633333333333333
760459,2024-01-19 12:42:00,25576,24.0
760640,2024-01-21 12:23:00,23202,47.68333333333333
760838,2024-01-22 12:46:00,11561,24.383333333333333
761028,2024-01-24 12:42:00,41535,47.93333333333333
761191,2024-01-25 11:46:00,8679,23.066666666666666
761512,2024-01-26 11:42:00,14482,23.933333333333334
761686,2024-01-27 12:46:00,32864,25.066666666666666
762744,2024-01-29 12:42:00,13584,47.93333333333333
763083,2024-01-31 12:47:00,23788,48.083333333333336
763740,2024-02-01 12:43:00,19200,23.933333333333334
764058,2024-02-02 13:42:04,24600,24.984444444444446
764284,2024-02-03 12:32:00,25075,22.83222222222222
765140,2024-02-05 11:43:00,16001,47.18333333333333
765490,2024-02-07 00:56:26,28173,37.22388888888889
766398,2024-02-07 16:55:37,64706,15.98638888888889
767534,2024-02-08 12:45:00,24876,19.823055555555555
767865,2024-02-08 19:29:17,2272,6.7380555555555555
768292,2024-02-09 22:10:07,26402,26.680555555555557
769049,2024-02-10 19:29:59,15632,21.33111111111111
769280,2024-02-10 20:07:23,13446,0.6233333333333333
769536,2024-02-10 21:42:30,7811,1.5852777777777778
769931,2024-02-12 12:43:00,41249,39.00833333333333
770022,2024-02-12 16:54:00,29039,4.183333333333334
770188,2024-02-13 12:38:00,39672,19.733333333333334
770432,2024-02-14 11:43:00,34663,23.083333333333332
770816,2024-02-15 12:46:00,42050,25.05
770952,2024-02-15 18:16:41,19611,5.511388888888889
771697,2024-02-17 12:46:00,38371,42.48861111111111
772188,2024-02-18 12:29:00,32406,23.716666666666665
772340,2024-02-18 20:27:24,13895,7.973333333333334
772817,2024-02-20 12:47:00,36766,40.32666666666667
773166,2024-02-20 22:45:31,13518,9.975277777777778
773485,2024-02-21 19:50:26,30836,21.081944444444446
773914,2024-02-22 12:38:00,27242,16.79277777777778
774356,2024-02-23 01:57:21,10276,13.3225
774932,2024-02-24 11:43:00,29531,33.76083333333333
775053,2024-02-24 16:06:00,45040,4.383333333333334
775392,2024-02-25 12:47:00,30157,20.683333333333334
775680,2024-02-26 15:14:50,32070,26.46388888888889
775809,2024-02-27 12:37:00,24460,21.369444444444444
775999,2024-02-28 12:48:00,41628,24.183333333333334
776605,2024-02-29 23:01:40,22892,34.227777777777774
776770,2024-03-01 23:13:55,13022,24.204166666666666
776935,2024-03-02 12:34:00,28158,13.334722222222222
777875,2024-03-04 00:54:08,48266,36.33555555555556
778117,2024-03-04 12:43:00,25086,11.814444444444444
778498,2024-03-06 12:45:00,22232,48.03333333333333
778628,2024-03-07 10:43:00,27507,21.966666666666665
778788,2024-03-08 09:12:00,38432,22.483333333333334
779471,2024-03-10 12:54:00,22958,51.7
779974,2024-03-13 11:43:00,54431,70.81666666666666
780147,2024-03-13 20:29:39,23974,8.7775
780405,2024-03-14 00:32:16,22033,4.043611111111111
780979,2024-03-15 11:43:00,27880,35.17888888888889
781229,2024-03-15 21:45:31,22763,10.041944444444445
781374,2024-03-15 22:52:21,19442,1.113888888888889
781511,2024-03-15 23:38:40,21645,0.7719444444444444
781705,2024-03-16 00:37:44,10258,0.9844444444444445
782495,2024-03-16 14:29:40,21678,13.865555555555556
783134,2024-03-17 12:13:00,47507,21.72222222222222
783757,2024-03-19 12:37:00,42755,48.4
783857,2024-03-19 17:15:45,25629,4.645833333333333
784504,2024-03-21 12:29:00,33356,43.22083333333333
784734,2024-03-21 17:12:00,31166,4.716666666666667
785189,2024-03-22 15:35:14,33948,22.38722222222222
785479,2024-03-23 16:12:59,83970,24.629166666666666
786501,2024-03-26 11:48:00,33467,67.58361111111111
786621,2024-03-26 16:42:00,27197,4.9
786959,2024-03-27 14:45:36,12706,22.06
787411,2024-03-28 11:47:00,30142,21.023333333333333
787810,2024-03-29 12:43:00,50521,24.933333333333334
788027,2024-03-29 22:24:30,29362,9.691666666666666
788145,2024-03-30 12:47:00,28020,14.375
788342,2024-03-31 12:37:00,9458,23.833333333333332
788682,2024-03-31 23:05:03,56838,10.4675
789123,2024-04-01 12:43:00,19551,13.6325
789400,2024-04-02 00:28:45,11511,11.7625
789736,2024-04-03 12:32:00,71411,36.05416666666667
790000,2024-04-04 12:36:00,58565,24.066666666666666
790231,2024-04-05 12:53:00,49409,24.283333333333335
790516,2024-04-07 12:47:00,45420,47.9
790851,2024-04-08 18:46:18,6801,29.988333333333333
790929,2024-04-09 12:32:00,41722,17.761666666666667
791216,2024-04-11 12:38:00,25054,48.1
791352,2024-04-11 19:34:57,16492,6.949166666666667
791675,2024-04-12 19:25:50,9853,23.848055555555554
791761,2024-04-13 12:36:00,18838,17.169444444444444
791892,2024-04-14 12:50:00,19479,24.233333333333334
792086,2024-04-16 12:47:00,73037,47.95
792314,2024-04-18 12:42:00,32779,47.916666666666664
792445,2024-04-19 12:37:00,28450,23.916666666666668
792592,2024-04-20 12:36:00,30455,23.983333333333334
792676,2024-04-21 12:43:00,48287,24.116666666666667
793287,2024-04-23 12:20:00,7047,47.61666666666667
793489,2024-04-24 20:34:07,52348,32.235277777777775
793805,2024-04-26 11:42:00,29959,39.131388888888885
794029,2024-04-26 19:23:29,10764,7.691388888888889
794274,2024-04-28 14:02:13,40950,42.64555555555555
794523,2024-04-28 23:39:03,111265,9.613888888888889
795053,2024-04-29 11:43:00,39056,12.065833333333334
795546,2024-04-30 12:41:00,49083,24.966666666666665
796409,2024-05-02 12:38:00,45530,47.95
797132,2024-05-04 12:24:00,31809,47.766666666666666
797343,2024-05-05 12:30:10,44188,24.102777777777778
797551,2024-05-05 22:12:48,53189,9.710555555555555
798480,2024-05-07 12:37:00,37146,38.403333333333336
799182,2024-05-09 12:46:00,122335,48.15
801703,2024-05-11 12:24:00,18578,47.63333333333333
802562,2024-05-12 22:25:48,32515,34.03
802889,2024-05-13 13:42:00,61453,15.27
803402,2024-05-14 21:47:14,4670,32.08722222222222
803706,2024-05-16 12:32:00,31440,38.74611111111111
804005,2024-05-17 12:43:00,27460,24.183333333333334
804179,2024-05-18 11:36:00,31240,22.883333333333333
804528,2024-05-19 12:56:00,29381,25.333333333333332
804675,2024-05-20 12:38:00,18702,23.7
804846,2024-05-20 23:53:46,4637,11.262777777777778
804869,2024-05-21 00:17:17,7843,0.39194444444444443
805022,2024-05-21 12:42:00,53462,12.411944444444444
805291,2024-05-22 12:44:00,39375,24.033333333333335
805415,2024-05-22 22:23:01,44322,9.650277777777777
805956,2024-05-23 12:34:00,42292,14.183055555555555
806288,2024-05-25 12:43:00,34090,48.15
806500,2024-05-26 12:38:00,40196,23.916666666666668
806741,2024-05-27 12:40:00,58696,24.033333333333335
807024,2024-05-29 12:36:00,27461,47.93333333333333
807144,2024-05-29 19:46:48,13830,7.18
807394,2024-05-30 22:19:21,7537,26.5425
807574,2024-06-01 12:46:00,21914,38.44416666666667
807661,2024-06-01 17:29:00,24802,4.716666666666667
807801,2024-06-02 14:31:00,55094,21.033333333333335
808202,2024-06-04 20:28:48,19784,53.96333333333333
808662,2024-06-07 12:32:00,45516,64.05333333333333
809050,2024-06-09 21:01:33,35506,56.4925
809539,2024-06-10 23:17:54,17613,26.2725
809920,2024-06-12 12:37:00,36213,37.318333333333335
810076,2024-06-13 15:58:12,42229,27.35333333333333
810346,2024-06-15 12:38:00,28868,44.663333333333334
810746,2024-06-16 20:34:00,70895,31.933333333333334
811090,2024-06-19 01:55:41,6399,53.36138888888889
811138,2024-06-19 11:43:00,40034,9.788611111111111
811322,2024-06-19 17:19:00,58814,5.6
811644,2024-06-21 12:43:00,43217,43.4
812473,2024-06-23 23:15:22,8525,58.53944444444444
812644,2024-06-24 12:22:00,40267,13.110555555555555
813324,2024-06-26 12:26:00,47171,48.06666666666667
813735,2024-06-27 12:48:00,33041,24.366666666666667
813881,2024-06-28 12:43:00,33360,23.916666666666668
814158,2024-07-01 12:43:00,23370,72.0
814374,2024-07-02 22:40:46,30283,33.96277777777778
814533,2024-07-03 22:05:10,11084,23.406666666666666
814780,2024-07-04 21:07:25,37461,23.0375
814917,2024-07-05 13:36:00,33256,16.476388888888888
815243,2024-07-07 12:49:00,51490,47.21666666666667
815662,2024-07-09 12:56:00,29413,48.11666666666667
815767,2024-07-10 13:07:00,63174,24.183333333333334
816043,2024-07-12 12:58:00,33583,47.85
816149,2024-07-13 03:28:25,8202,14.506944444444445
816348,2024-07-14 12:53:00,24807,33.40972222222222
816485,2024-07-15 12:46:00,46631,23.883333333333333
816725,2024-07-17 12:48:00,92861,48.03333333333333
817092,2024-07-19 16:42:45,13112,51.9125
817347,2024-07-21 19:26:07,75332,50.72277777777778
818039,2024-07-23 12:39:00,26703,41.21472222222222
818419,2024-07-25 12:47:00,26950,48.13333333333333
818780,2024-07-28 12:36:00,30883,71.81666666666666
818942,2024-07-29 12:46:00,23317,24.166666666666668
819104,2024-07-30 12:45:00,24724,23.983333333333334
819532,2024-07-31 12:39:00,35546,23.9
819900,2024-08-01 13:14:00,34093,24.583333333333332
820017,2024-08-01 17:05:46,42579,3.8627777777777776
820313,2024-08-02 13:04:00,21161,19.970555555555556
820528,2024-08-03 13:03:00,32032,23.983333333333334
820812,2024-08-05 12:54:00,27645,47.85
820912,2024-08-05 17:02:00,47246,4.133333333333334
822383,2024-08-07 12:54:00,34643,43.86666666666667
822701,2024-08-08 13:12:00,39988,24.3
823159,2024-08-10 21:53:00,57618,56.68333333333333
823913,2024-08-11 19:51:31,6427,21.975277777777777
824080,2024-08-12 12:46:00,28945,16.908055555555556
824676,2024-08-13 22:15:42,11323,33.495
825003,2024-08-14 12:51:00,21972,14.588333333333333
825216,2024-08-14 21:52:04,53394,9.017777777777777
825563,2024-08-15 12:39:00,29174,14.782222222222222
825941,2024-08-17 12:46:00,39588,48.11666666666667
826228,2024-08-18 12:57:00,39097,24.183333333333334
826706,2024-08-19 13:16:00,37143,24.316666666666666
827012,2024-08-21 12:43:00,52560,47.45
827956,2024-08-23 23:11:35,15471,58.47638888888889
828140,2024-08-25 12:42:00,33101,37.50694444444444
828338,2024-08-26 12:38:00,53191,23.933333333333334
828589,2024-08-27 21:21:49,13600,32.73027777777778
828691,2024-08-27 22:39:55,17585,1.3016666666666667
829099,2024-08-29 12:42:00,43195,38.03472222222222
829278,2024-08-30 12:46:00,38599,24.066666666666666
829505,2024-09-01 13:06:00,48847,48.333333333333336
829656,2024-09-02 13:16:00,34841,24.166666666666668
829843,2024-09-03 23:15:37,56330,33.993611111111115
830097,2024-09-04 17:39:00,44134,18.389722222222222
830388,2024-09-06 18:10:41,36852,48.528055555555554
830700,2024-09-07 16:21:01,8323,22.17222222222222
830877,2024-09-08 13:04:00,28193,20.71638888888889
831050,2024-09-10 12:46:00,30644,47.7
831369,2024-09-12 11:42:00,32544,46.93333333333333
831580,2024-09-13 12:36:49,37269,24.913611111111113
831872,2024-09-15 12:38:00,36135,48.01972222222222
832175,2024-09-16 13:38:00,22610,25.0
832483,2024-09-18 13:08:00,26410,47.5
832679,2024-09-20 12:41:00,13371,47.55
